시스템명,테이블 ID,테이블 명(한글),테이블 설명,DB명,DB종류,비고,,,,,,,,,,,,,,,,,,,
교모세포,USER,사용자,사용자 정보 테이블,neuronova,mySQL,,,,,,,,,,,,,,,,,,,,
openemr,onsite_mail,포털 메시지,,openemr,mySQL,포털 / 환자 키오스크,참고,,,,,,,,,,,,,,,,,,
openemr,onsite_messages,현장 메시지,,openemr,mySQL,포털 / 환자 키오스크,참고,,,,,,,,,,,,,,,,,,
openemr,onsite_online,온라인 상태,,openemr,mySQL,포털 / 환자 키오스크,참고,,,,,,,,,,,,,,,,,,
openemr,onsite_portal_activity,포털 활동 로그,,openemr,mySQL,포털 / 환자 키오스크,참고,,,,,,,,,,,,,,,,,,
openemr,patient_access_onsite,환자 키오스크 접속,현장 접속 로그,openemr,mySQL,환자(Patient) 핵심 테이블,X,,,,,,,,,,,,,,,,,,
openemr,patient_portal_menu,환자 포털 메뉴,포털 화면 메뉴,openemr,mySQL,환자(Patient) 핵심 테이블,X,,,,,,,,,,,,,,,,,,
openemr,patient_birthday_alert,생일 알림,생일 안내,openemr,mySQL,환자(Patient) 핵심 테이블,X,,,,,,,,,,,,,,,,,,
openemr,recent_patients,최근 환자,최근 조회 환자,openemr,mySQL,환자(Patient) 핵심 테이블,X,,,,,,,,,,,,,,,,,,
openemr,patient_data,환자 기본정보,"환자 인적사항, 성별, 생년월일 등등",openemr,mySQL,환자(Patient) 핵심 테이블,O,,,,,,,,,,,,,,,,,,
openemr,patient_history,환자 병력,"과거 병력, 가족력",openemr,mySQL,환자(Patient) 핵심 테이블,O,,,,,,,,,,,,,,,,,,
openemr,patient_reminders,환자 알림 ,예약/ 검사 알림,openemr,mySQL,환자(Patient) 핵심 테이블,O,,,,,,,,,,,,,,,,,,
openemr,patient_settings,환자 설정,"알림, 포털 설정",openemr,mySQL,환자(Patient) 핵심 테이블,O,,,,,,,,,,,,,,,,,,
openemr,patient_tracker,환자 진행추적,"대기, 진료 상태",openemr,mySQL,환자(Patient) 핵심 테이블,O,,,,,,,,,,,,,,,,,,
openemr,patient_tracker_element,환자 상태 상세,tracker 세부기록,openemr,mySQL,환자(Patient) 핵심 테이블,O,,,,,,,,,,,,,,,,,,
openemr,users,사용자,"의사, 간호사, 직원계정",openemr,mySQL,사용자/의료진(User) 핵심 테이블,O,,,,,,,,,,,,,,,,,,
openemr,users_secure,사용자 보안,비밀번호 인증,openemr,mySQL,사용자/의료진(User) 핵심 테이블,O,,,,,,,,,,,,,,,,,,
openemr,users_facility,사용자_병원,병원 소속,openemr,mySQL,사용자/의료진(User) 핵심 테이블,O,,,,,,,,,,,,,,,,,,
openemr,user_settings,사용자 설정,UI 환경설정,openemr,mySQL,사용자/의료진(User) 핵심 테이블,O,,,,,,,,,,,,,,,,,,
openemr,template_users,사용자 템플릿,기본계정,openemr,mySQL,사용자/의료진(User) 핵심 테이블,X,,,,,,,,,,,,,,,,,,
openemr,prescriptions,처방전,약 처방 데이터,openemr,mySQL,처방 / 의약품,O,,,,,,,,,,,,,,,,,,
openemr,drugs,약품 마스터,"약 코드, 성분",openemr,mySQL,처방/ 의약품,O,,,,,,,,,,,,,,,,,,
openemr,drug_inventory,약품 재고,재고 수량,openemr,mySQL,처방/ 의약품,O,,,,,,,,,,,,,,,,,,
openemr,drug_sales,약품 판매,판매 이력,openemr,mySQL,처방/ 의약품,O,,,,,,,,,,,,,,,,,,
openemr,drug_templates,처방 템플릿,빠른 처방,openemr,mySQL,처방/ 의약품,X,,,,,,,,,,,,,,,,,,
openemr,audit_details,감사 상세,변경 필드,openemr,mySQL,로그 / 감사/ 보안 테이블,X,,,,,,,,,,,,,,,,,,
openemr,audit_master,감사 로그,변경 이력,openemr,mySQL,로그 / 감사/ 보안 테이블,O,,,,,,,,,,,,,,,,,,
openemr,log,시스템 로그,접속/에러,openemr,mySQL,로그 / 감사/ 보안 테이블,X,,,,,,,,,,,,,,,,,,
openemr,api_log,API 로그,외부 API,openemr,mySQL,로그 / 감사/ 보안 테이블,X,,,,,,,,,,,,,,,,,,
openemr,extended_log,확장 시스템 로그,,openemr,mySQL,로그 / 감사/ 보안 테이블,참고,,,,,,,,,,,,,,,,,,
openemr,track_events,사용자 및 시스템 이벤트 추적,,openemr,mySQL,로그 / 감사/ 보안 테이블,참고,,,,,,,,,,,,,,,,,,
openemr,ip_tracking,접속 IP 추적,,openemr,mySQL,로그 / 감사/ 보안 테이블,참고,,,,,,,,,,,,,,,,,,
openemr,jwt_grant_history,JWT 인증 이력,,openemr,mySQL,로그 / 감사/ 보안 테이블,참고,,,,,,,,,,,,,,,,,,
openemr,api_refresh_token,API 갱신 토큰,,openemr,mySQL,로그 / 감사/ 보안 테이블,참고,,,,,,,,,,,,,,,,,,
openemr,api_token,API 인증 토큰,,openemr,mySQL,로그 / 감사/ 보안 테이블,참고,,,,,,,,,,,,,,,,,,
openemr,billing,진료비 청구,진료비 항목,openemr,mySQL,수납  / 청구 / 보험,O,,,,,,,,,,,,,,,,,,
openemr,payments,수납,카드/현금 결제,openemr,mySQL,수납  / 청구 / 보험,O,,,,,,,,,,,,,,,,,,
openemr,claims,보험청구,건강보험 청구,openemr,mySQL,수납  / 청구 / 보험,O,,,,,,,,,,,,,,,,,,
openemr,insurance_companies,보험사,보험 회사,openemr,mySQL,수납  / 청구 / 보험,O,,,,,,,,,,,,,,,,,,
openemr,insurance_data,보험정보,환자 보험,openemr,mySQL,수납  / 청구 / 보험,O,,,,,,,,,,,,,,,,,,
openemr,insurance_numbers,보험번호,보험증 번호,openemr,mySQL,수납  / 청구 / 보험,O,,,,,,,,,,,,,,,,,,
openemr,fee_schedule,수가표,진료 수가,openemr,mySQL,수납  / 청구 / 보험,O,,,,,,,,,,,,,,,,,,
openemr,insurance_type_codes,보험 유형 코드,,openemr,mySQL,수납 / 청구 / 보험 (보조),참고,,,,,,,,,,,,,,,,,,
openemr,eligibility_verification,보험 자격 검증,,openemr,mySQL,수납 / 청구 / 보험 (보조),참고,,,,,,,,,,,,,,,,,,
openemr,benefit_eligibility,보험 급여 대상 여부,,openemr,mySQL,수납 / 청구 / 보험 (보조),참고,,,,,,,,,,,,,,,,,,
openemr,edi_sequences,보험 청구 전송 번호 관리,,openemr,mySQL,수납 / 청구 / 보험 (보조),참고,,,,,,,,,,,,,,,,,,
openemr,voids,청구 취소 이력,,openemr,mySQL,수납 / 청구 / 보험 (보조),참고,,,,,,,,,,,,,,,,,,
openemr,x12_partners,보험청구 EDI 파트너,,openemr,mySQL,수납 / 청구 / 보험 (보조),참고,,,,,,,,,,,,,,,,,,
openemr,x12_remote_tracker,보험청구 전송 이력,,openemr,mySQL,수납 / 청구 / 보험 (보조),참고,,,,,,,,,,,,,,,,,,
openemr,facility,병원 정보,병원 기본 정보,openemr,mySQL,병원 / 조직 테이블,O,,,,,,,,,,,,,,,,,,
openemr,groups,조직/부서,진료과,openemr,mySQL,병원 / 조직 테이블,O,,,,,,,,,,,,,,,,,,
openemr,therapy_groups,치료 그룹,그룹 치료,openemr,mySQL,병원 / 조직 테이블,X,,,,,,,,,,,,,,,,,,
openemr,therapy_groups_counselors,,,openemr,mySQL,병원 / 조직 테이블,X,,,,,,,,,,,,,,,,,,
openemr,therapy_groups_participants,,,openemr,mySQL,병원 / 조직 테이블,X,,,,,,,,,,,,,,,,,,
openemr,therapy_groups_participant_attendance,,,openemr,mySQL,병원 / 조직 테이블,X,,,,,,,,,,,,,,,,,,
openemr,clinical_plans,치료 계획,치료 플랜,openemr,mySQL,진료(Encounter / EMR 핵심),O,,,,,,,,,,,,,,,,,,
openemr,clinical_plans_rules,,,openemr,mySQL,진료(Encounter / EMR 핵심),O,,,,,,,,,,,,,,,,,,
openemr,clinical_rules,임상 규칙,알림/경고,openemr,mySQL,진료(Encounter / EMR 핵심),X,,,,,,,,,,,,,,,,,,
openemr,clinical_rules_log,,,openemr,mySQL,진료(Encounter / EMR 핵심),X,,,,,,,,,,,,,,,,,,
openemr,forms,EMR 폼관리,"SOAP, 검사 기록 연결",openemr,mySQL,진료(Encounter / EMR 핵심),O,,,,,,,,,,,,,,,,,,
openemr,form_encounter,진료 기본,진료 접수 정보,openemr,mySQL,진료(Encounter / EMR 핵심),O,,,,,,,,,,,,,,,,,,
openemr,form_observation,관찰기록,임상관찰,openemr,mySQL,진료(Encounter / EMR 핵심),O,,,,,,,,,,,,,,,,,,
openemr,form_reviewofs,신체검진,ROS,openemr,mySQL,진료(Encounter / EMR 핵심),O,,,,,,,,,,,,,,,,,,
openemr,form_soap,SOAP 기록,주관/객관/평가/계획,openemr,mySQL,진료(Encounter / EMR 핵심),O,,,,,,,,,,,,,,,,,,
openemr,form_vitals,바이탈,"혈압, 맥박, 체온",openemr,mySQL,진료(Encounter / EMR 핵심),O,,,,,,,,,,,,,,,,,,
openemr,form_vital_details,,Detailed information of each vital_forms observation column,openemr,mySQL,진료(Encounter / EMR 핵심),O,,,,,,,,,,,,,,,,,,
openemr,calendar_external,외부 캘린더,연동 일정,openemr,mySQL,예약 / 일정 테이블,X,,,,,,,,,,,,,,,,,,
openemr,openemr_postcalendar_categories,예약 분류,진료과,openemr,mySQL,예약 / 일정 테이블,O,,,,,,,,,,,,,,,,,,
openemr,openemr_postcalendar_events,예약 일정,진료 예약,openemr,mySQL,예약 / 일정 테이블,O,,,,,,,,,,,,,,,,,,
openemr,automatic_notification,자동 알림,,openemr,mySQL,메시지 / 알림 / 이메일,참고,,,,,,,,,,,,,,,,,,
openemr,email_queue,이메일 발송 대기,,openemr,mySQL,메시지 / 알림 / 이메일,참고,,,,,,,,,,,,,,,,,,
openemr,notification_log,알림 발송 이력,,openemr,mySQL,메시지 / 알림 / 이메일,참고,,,,,,,,,,,,,,,,,,
openemr,notification_settings,알림 설정,,openemr,mySQL,메시지 / 알림 / 이메일,참고,,,,,,,,,,,,,,,,,,
openemr,dated_reminders,일정 알림,,openemr,mySQL,메시지 / 알림 / 이메일,참고,,,,,,,,,,,,,,,,,,
openemr,dated_reminders_link,알림 연결,,openemr,mySQL,메시지 / 알림 / 이메일,참고,,,,,,,,,,,,,,,,,,
openemr,procedure_order,검사 오더,검사지시,openemr,mySQL,검사 / 프로시저,O,"영상, 처방 등등 -> OCSS 시스템",,,,,,,,,,,,,,,,,
openemr,procedure_order_code,,,openemr,mySQL,,,,,,,,,,,,,,,,,,,,
openemr,procedure_providers,,,openemr,mySQL,,,,,,,,,,,,,,,,,,,,
openemr,procedure_questions,,,openemr,mySQL,,,,,,,,,,,,,,,,,,,,
openemr,procedure_report,검사 리포트,판독,openemr,mySQL,검사 / 프로시저,O,,,,,,,,,,,,,,,,,,
openemr,procedure_result,검사 결과,검사 수치,openemr,mySQL,검사 / 프로시저,O,,,,,,,,,,,,,,,,,,
openemr,procedure_type,검사 종류,검사 분류,openemr,mySQL,검사 / 프로시저,O,,,,,,,,,,,,,,,,,,
openemr,documents,의료 문서 저장,,openemr,mySQL,문서 / 전자서명 / 법적 문서,참고,,,,,,,,,,,,,,,,,,
openemr,documents_legal_categories,법적 문서 분류,,openemr,mySQL,문서 / 전자서명 / 법적 문서,참고,,,,,,,,,,,,,,,,,,
openemr,documents_legal_detail,법적 문서 상세,,openemr,mySQL,문서 / 전자서명 / 법적 문서,참고,,,,,,,,,,,,,,,,,,
openemr,documents_legal_master,법적 문서 마스터,,openemr,mySQL,문서 / 전자서명 / 법적 문서,참고,,,,,,,,,,,,,,,,,,
openemr,document_templates,문서 템플릿,,openemr,mySQL,문서 / 전자서명 / 법적 문서,참고,,,,,,,,,,,,,,,,,,
openemr,document_template_profiles,문서 템플릿 설정,,openemr,mySQL,문서 / 전자서명 / 법적 문서,참고,,,,,,,,,,,,,,,,,,
openemr,esign_signatures,전자 서명 정보,,openemr,mySQL,문서 / 전자서명 / 법적 문서,참고,,,,,,,,,,,,,,,,,,
openemr,onsite_documents,현장 제출 문서,,openemr,mySQL,문서 / 전자서명 / 법적 문서,참고,,,,,,,,,,,,,,,,,,
openemr,onsite_signatures,현장 서명,,openemr,mySQL,문서 / 전자서명 / 법적 문서,참고,,,,,,,,,,,,,,,,,,
openemr,codes,의료 코드,,openemr,mySQL,질병 코드 / 의료 코드 마스터,참고,,,,,,,,,,,,,,,,,,
openemr,codes_history,코드 변경 이력,,openemr,mySQL,질병 코드 / 의료 코드 마스터,참고,,,,,,,,,,,,,,,,,,
openemr,code_types,코드 유형,,openemr,mySQL,질병 코드 / 의료 코드 마스터,참고,,,,,,,,,,,,,,,,,,
openemr,icd10_dx_order_code,ICD-10 질병 코드,,openemr,mySQL,질병 코드 / 의료 코드 마스터,참고,,,,,,,,,,,,,,,,,,
openemr,icd10_gem_dx_10_9,,,openemr,mySQL,질병 코드 / 의료 코드 마스터,참고,,,,,,,,,,,,,,,,,,
openemr,icd10_gem_dx_9_10,,,openemr,mySQL,질병 코드 / 의료 코드 마스터,참고,,,,,,,,,,,,,,,,,,
openemr,icd10_gem_pcs_10_9,,,openemr,mySQL,질병 코드 / 의료 코드 마스터,참고,,,,,,,,,,,,,,,,,,
openemr,icd10_gem_pcs_9_10,,,openemr,mySQL,질병 코드 / 의료 코드 마스터,참고,,,,,,,,,,,,,,,,,,
openemr,icd10_pcs_order_code,,,openemr,mySQL,질병 코드 / 의료 코드 마스터,참고,,,,,,,,,,,,,,,,,,
openemr,icd10_reimbr_dx_9_10,,,openemr,mySQL,질병 코드 / 의료 코드 마스터,참고,,,,,,,,,,,,,,,,,,
openemr,icd10_reimbr_pcs_9_10,,,openemr,mySQL,질병 코드 / 의료 코드 마스터,참고,,,,,,,,,,,,,,,,,,
openemr,icd9_dx_code,ICD-9 질병 코드,,openemr,mySQL,질병 코드 / 의료 코드 마스터,참고,,,,,,,,,,,,,,,,,,
openemr,icd9_dx_long_code,,,openemr,mySQL,질병 코드 / 의료 코드 마스터,참고,,,,,,,,,,,,,,,,,,
openemr,icd9_sg_code,,,openemr,mySQL,질병 코드 / 의료 코드 마스터,참고,,,,,,,,,,,,,,,,,,
openemr,icd9_sg_long_code,,,openemr,mySQL,질병 코드 / 의료 코드 마스터,참고,,,,,,,,,,,,,,,,,,
openemr,valueset_oid,코드 식별자,,openemr,mySQL,질병 코드 / 의료 코드 마스터,참고,,,,,,,,,,,,,,,,,,
openemr,form_questionnaire_assessments,EMR 설문 기록,,openemr,mySQL,설문 / 평가 / 문진,참고,,,,,,,,,,,,,,,,,,
openemr,pro_assessments,환자 자가 평가,,openemr,mySQL,설문 / 평가 / 문진,참고,,,,,,,,,,,,,,,,,,
openemr,questionnaire_repository,설문 양식,,openemr,mySQL,설문 / 평가 / 문진,참고,,,,,,,,,,,,,,,,,,
openemr,questionnaire_response,설문 응답,,openemr,mySQL,설문 / 평가 / 문진,참고,,,,,,,,,,,,,,,,,,
openemr,globals,시스템 전역 설정,,openemr,mySQL,시스템 설정 / 내부관리,참고용,,,,,,,,,,,,,,,,,,
openemr,keys,암호화 키,,openemr,mySQL,시스템 설정 / 내부관리,참고용,,,,,,,,,,,,,,,,,,
openemr,registry,환경 설정,,openemr,mySQL,시스템 설정 / 내부관리,참고용,,,,,,,,,,,,,,,,,,
openemr,version,시스템 버전,,openemr,mySQL,시스템 설정 / 내부관리,참고용,,,,,,,,,,,,,,,,,,
openemr,supported_external_dataloads,외부 연동 설정,,openemr,mySQL,시스템 설정 / 내부관리,참고용,,,,,,,,,,,,,,,,,,
openemr,modules,모듈 관리,,openemr,mySQL,시스템 설정 / 내부관리,참고용,,,,,,,,,,,,,,,,,,
openemr,modules_hooks_settings,,,openemr,mySQL,시스템 설정 / 내부관리,참고용,,,,,,,,,,,,,,,,,,
openemr,modules_settings,모듈 설정,,openemr,mySQL,시스템 설정 / 내부관리,참고용,,,,,,,,,,,,,,,,,,
openemr,module_acl_group_settings,,,openemr,mySQL,시스템 설정 / 내부관리,참고용,,,,,,,,,,,,,,,,,,
openemr,module_acl_sections,,,openemr,mySQL,시스템 설정 / 내부관리,참고용,,,,,,,,,,,,,,,,,,
openemr,module_acl_user_settings,,,openemr,mySQL,시스템 설정 / 내부관리,참고용,,,,,,,,,,,,,,,,,,
openemr,module_configuration,모듈 환경설정,,openemr,mySQL,시스템 설정 / 내부관리,참고용,,,,,,,,,,,,,,,,,,
openemr,pharmacies,약국 정보,,openemr,mySQL,약국 / 외부 연동,참고,,,,,,,,,,,,,,,,,,
openemr,erx_rx_log,전자처방 로그,,openemr,mySQL,약국 / 외부 연동,참고,,,,,,,,,,,,,,,,,,
openemr,erx_narcotics,마약류 처방,,openemr,mySQL,약국 / 외부 연동,참고,,,,,,,,,,,,,,,,,,
openemr,medex_outgoing,외부 약국 연계,,openemr,mySQL,약국 / 외부 연동,참고,,,,,,,,,,,,,,,,,,
openemr,medex_recalls,약물 리콜,,openemr,mySQL,약국 / 외부 연동,참고,,,,,,,,,,,,,,,,,,
openemr,addresses,주소,"환자, 보호자, 기관 등의 모든 주소 정보 공용 저장소",openemr,mySQL,,,,,,,,,,,,,,,,,,,,
openemr,amc_misc_data,AMC 기타 데이터,자동 진료 문서화(AMC) 관련 보조 데이터,openemr,mySQL,,,,,,,,,,,,,,,,,,,,
openemr,amendments,문서 수정 요청,환자 기록 수정 요청 정보,openemr,mySQL,,,,,,,,,,,,,,,,,,,,
openemr,amendments_history,문서 수정 이력,환자 기록 수정 처리 이력,openemr,mySQL,,,,,,,,,,,,,,,,,,,,
openemr,ar_activity,미수금 활동,외래 진료비 미수금 처리이력,openemr,mySQL,,,,,,,,,,,,,,,,,,,,
openemr,ar_session,수납 세션,수납 처리시 세션 단위 기록,openemr,mySQL,,,,,,,,,,,,,,,,,,,,
openemr,background_services,백그라운드 서비스,"스케줄러, 배치 작업 관리",openemr,mySQL,,,,,,,,,,,,,,,,,,,,
openemr,batchcom,배치 통신,보험사 등 외부 시스템 전송 배치,openemr,mySQL,,,,,,,,,,,,,,,,,,,,
openemr,categories,문서 분류,"문서, 폼, 자료 분류 코드",openemr,mySQL,,,,,,,,,,,,,,,,,,,,
openemr,categories_seq,문서 분류 시퀀스,categories PK 시퀀스 관리,openemr,mySQL,,,,,,,,,,,,,,,,,,,,
openemr,categories_to_documents,문서_분류 매핑,문서와 분류 연결 테이블,openemr,mySQL,,,,,,,,,,,,,,,,,,,,
openemr,ccda,CCDA 문서,표준 의료문서(CCDA) 저장,openemr,mySQL,,,,,,,,,,,,,,,,,,,,
openemr,ccda_components,CCDA 구성요소 ,CCDA 세부 구조 데이터,openemr,mySQL,,,,,,,,,,,,,,,,,,,,
openemr,ccda_field_mapping,CCDA 필드 매핑  ,내부 컬럼과 CCDA 필드 연결,openemr,mySQL,,,,,,,,,,,,,,,,,,,,
openemr,ccda_sections,CCDA 섹션  ,CCDA 문서 섹션 구조,openemr,mySQL,,,,,,,,,,,,,,,,,,,,
openemr,ccda_table_mapping,CCDA 테이블 매핑  ,DB 테이블과 CCDA 연결 정보,openemr,mySQL,,,,,,,,,,,,,,,,,,,,
openemr,chart_tracker,차트 추적,환자 차트 조회 이력,openemr,mySQL,,,,,,,,,,,,,,,,,,,,
openemr,contact,연락처,"보호자, 외부 기관, 응급 연락처 정보",openemr,mySQL,,,,,,,,,,,,,,,,,,,,
openemr,contact_address,연락처 주소  ,연락처 상세 주소,openemr,mySQL,,,,,,,,,,,,,,,,,,,,
openemr,customlists,사용자 정의 목록  ,병원 커스텀 코드 목록,openemr,mySQL,,,,,,,,,,,,,,,,,,,,
openemr,direct_message_log,다이렉트 메시지 로그,의료 메시지 송수신 로그,openemr,mySQL,,,,,,,,,,,,,,,,,,,,
openemr,dsi_source_attributes,데이터 수집 속성  ,외부 연계 데이터 속성 정의,openemr,mySQL,,,,,,,,,,,,,,,,,,,,
openemr,employer_data,직장 정보 ,환자 직장 정보,openemr,mySQL,,,,,,,,,,,,,,,,,,,,
openemr,enc_category_map,진료 분류 매핑  ,진료와 카테고리 연결,openemr,mySQL,,,,,,,,,,,,,,,,,,,,
openemr,erx_ttl_touch,전자처방 터치 로그,전자처방 송신 상태 관리,openemr,mySQL,,,,,,,,,,,,,,,,,,,,
openemr,export_job,데이터 내보내기 작업  ,데이터 백업/추출 작업 기록,openemr,mySQL,,,,,,,,,,,,,,,,,,,,
openemr,external_encounters,외부 진료 기록  ,외부 병원 진료 연계 정보,openemr,mySQL,,,,,,,,,,,,,,,,,,,,
openemr,external_procedures,외부 검사 기록,외부 검사/시술 연계,openemr,mySQL,,,,,,,,,,,,,,,,,,,,
openemr,facility_user_ids,병원 사용자 ID  ,병원별 사용자 매핑,openemr,mySQL,,,,,,,,,,,,,,,,,,,,
openemr,fee_sheet_options,수가 옵션  ,진료비 계산 옵션,openemr,mySQL,,,,,,,,,,,,,,,,,,,,
openemr,form_care_plan,진료 계획서  ,환자 치료 계획 기록,openemr,mySQL,,,,,,,,,,,,,,,,,,,,
openemr,form_clinical_instructions,임상 지시 ,환자 처치 지시 사항,openemr,mySQL,,,,,,,,,,,,,,,,,,,,
openemr,form_clinical_notes,임상 노트  ,진료 상세 소견,openemr,mySQL,,,,,,,,,,,,,,,,,,,,
openemr,form_dictation,음성 기록,음성 기반 진료 기록,openemr,mySQL,,,,,,,,,,,,,,,,,,,,
openemr,form_eye_acuity,시력 검사  ,안과 시력 검사 데이터,openemr,mySQL,,,,,,,,,,,,,,,,,,,,
openemr,form_eye_antseg,전안부 검사  ,안과 전안부 정보,openemr,mySQL,,,,,,,,,,,,,,,,,,,,
openemr,form_eye_base,안과 기본,안과 기본 진료 정보,openemr,mySQL,,,,,,,,,,,,,,,,,,,,
openemr,form_eye_biometrics,안구 생체 계측,"안구 길이, 각막 두께",openemr,mySQL,,,,,,,,,,,,,,,,,,,,
openemr,form_eye_external,안과 외부 검사  ,외형 검사,openemr,mySQL,,,,,,,,,,,,,,,,,,,,
openemr,form_eye_hpi,안과 HPI,안과 현병력,openemr,mySQL,,,,,,,,,,,,,,,,,,,,
openemr,form_eye_locking,안과 잠금  ,검사 잠금 처리,openemr,mySQL,,,,,,,,,,,,,,,,,,,,
openemr,form_eye_mag_dispense,안경 처방,안경 조제 정보,openemr,mySQL,,,,,,,,,,,,,,,,,,,,
openemr,form_eye_mag_impplan,안과 임플란트 계획  ,인공수정체 계획,openemr,mySQL,,,,,,,,,,,,,,,,,,,,
openemr,form_eye_mag_orders,안과 처방 주문  ,안과 처방 오더,openemr,mySQL,,,,,,,,,,,,,,,,,,,,
openemr,form_eye_mag_prefs,안경 선호 설정  ,안경 처방 옵션,openemr,mySQL,,,,,,,,,,,,,,,,,,,,
openemr,form_eye_mag_wearing,안경 착용  ,안경 착용 정보,openemr,mySQL,,,,,,,,,,,,,,,,,,,,
openemr,form_eye_neuro,신경안과 검사  ,시신경 관련 검사,openemr,mySQL,,,,,,,,,,,,,,,,,,,,
openemr,form_eye_postseg,후안부 검사,"망막, 시신경 검사",openemr,mySQL,,,,,,,,,,,,,,,,,,,,
openemr,form_eye_refraction,굴절 검사,시력 교정 검사,openemr,mySQL,,,,,,,,,,,,,,,,,,,,
openemr,form_eye_ros,안과 ROS  ,안과 계통 문진,openemr,mySQL,,,,,,,,,,,,,,,,,,,,
openemr,form_eye_vitals,안과 바이탈  ,안압 등 바이탈,openemr,mySQL,,,,,,,,,,,,,,,,,,,,
openemr,form_functional_cognitive_status,인지 기능 평가  ,"치매, 인지 기능 평가",openemr,mySQL,,,,,,,,,,,,,,,,,,,,
openemr,form_groups_encounter,그룹 진료  ,집단 치료 기록,openemr,mySQL,,,,,,,,,,,,,,,,,,,,
openemr,form_group_attendance,그룹 출석  ,집단 치료 출석 체크,openemr,mySQL,,,,,,,,,,,,,,,,,,,,
openemr,form_misc_billing_options,기타 수납 옵션 ,특이 수납 처리,openemr,mySQL,,,,,,,,,,,,,,,,,,,,
openemr,form_ros,계통 문진,전신 ROS 기록,openemr,mySQL,,,,,,,,,,,,,,,,,,,,
openemr,form_taskman,진료 업무 관리  ,의료진 할 일 관리,openemr,mySQL,,,,,,,,,,,,,,,,,,,,
openemr,gacl_acl,권한 제어 관련 테이블  ,사용자 접근 권한(ACL) 관리,openemr,mySQL,,,,,,,,,,,,,,,,,,,,
openemr,gacl_acl_sections,권한 제어 관련 테이블  ,사용자 접근 권한(ACL) 관리,openemr,mySQL,,,,,,,,,,,,,,,,,,,,
openemr,gacl_acl_seq,권한 제어 관련 테이블  ,사용자 접근 권한(ACL) 관리,openemr,mySQL,,,,,,,,,,,,,,,,,,,,
openemr,gacl_aco,권한 제어 관련 테이블  ,사용자 접근 권한(ACL) 관리,openemr,mySQL,,,,,,,,,,,,,,,,,,,,
openemr,gacl_aco_map,권한 제어 관련 테이블  ,사용자 접근 권한(ACL) 관리,openemr,mySQL,,,,,,,,,,,,,,,,,,,,
openemr,gacl_aco_sections,권한 제어 관련 테이블  ,사용자 접근 권한(ACL) 관리,openemr,mySQL,,,,,,,,,,,,,,,,,,,,
openemr,gacl_aco_sections_seq,권한 제어 관련 테이블  ,사용자 접근 권한(ACL) 관리,openemr,mySQL,,,,,,,,,,,,,,,,,,,,
openemr,gacl_aco_seq,권한 제어 관련 테이블  ,사용자 접근 권한(ACL) 관리,openemr,mySQL,,,,,,,,,,,,,,,,,,,,
openemr,gacl_aro,권한 제어 관련 테이블  ,사용자 접근 권한(ACL) 관리,openemr,mySQL,,,,,,,,,,,,,,,,,,,,
openemr,gacl_aro_groups,권한 제어 관련 테이블  ,사용자 접근 권한(ACL) 관리,openemr,mySQL,,,,,,,,,,,,,,,,,,,,
openemr,gacl_aro_groups_id_seq,권한 제어 관련 테이블  ,사용자 접근 권한(ACL) 관리,openemr,mySQL,,,,,,,,,,,,,,,,,,,,
openemr,gacl_aro_groups_map,권한 제어 관련 테이블  ,사용자 접근 권한(ACL) 관리,openemr,mySQL,,,,,,,,,,,,,,,,,,,,
openemr,gacl_aro_map,권한 제어 관련 테이블  ,사용자 접근 권한(ACL) 관리,openemr,mySQL,,,,,,,,,,,,,,,,,,,,
openemr,gacl_aro_sections,권한 제어 관련 테이블  ,사용자 접근 권한(ACL) 관리,openemr,mySQL,,,,,,,,,,,,,,,,,,,,
openemr,gacl_aro_sections_seq,권한 제어 관련 테이블  ,사용자 접근 권한(ACL) 관리,openemr,mySQL,,,,,,,,,,,,,,,,,,,,
openemr,gacl_aro_seq,권한 제어 관련 테이블  ,사용자 접근 권한(ACL) 관리,openemr,mySQL,,,,,,,,,,,,,,,,,,,,
openemr,gacl_axo,권한 제어 관련 테이블  ,사용자 접근 권한(ACL) 관리,openemr,mySQL,,,,,,,,,,,,,,,,,,,,
openemr,gacl_axo_groups,권한 제어 관련 테이블  ,사용자 접근 권한(ACL) 관리,openemr,mySQL,,,,,,,,,,,,,,,,,,,,
openemr,gacl_axo_groups_map,권한 제어 관련 테이블  ,사용자 접근 권한(ACL) 관리,openemr,mySQL,,,,,,,,,,,,,,,,,,,,
openemr,gacl_axo_map,권한 제어 관련 테이블  ,사용자 접근 권한(ACL) 관리,openemr,mySQL,,,,,,,,,,,,,,,,,,,,
openemr,gacl_axo_sections,권한 제어 관련 테이블  ,사용자 접근 권한(ACL) 관리,openemr,mySQL,,,,,,,,,,,,,,,,,,,,
openemr,gacl_groups_aro_map,권한 제어 관련 테이블  ,사용자 접근 권한(ACL) 관리,openemr,mySQL,,,,,,,,,,,,,,,,,,,,
openemr,gacl_groups_axo_map,권한 제어 관련 테이블  ,사용자 접근 권한(ACL) 관리,openemr,mySQL,,,,,,,,,,,,,,,,,,,,
openemr,gacl_phpgacl,권한 제어 관련 테이블  ,사용자 접근 권한(ACL) 관리,openemr,mySQL,,,,,,,,,,,,,,,,,,,,
openemr,gprelations,범용 관계  ,환자-의사 등 관계 관리,openemr,mySQL,,,,,,,,,,,,,,,,,,,,
openemr,history_data,환자 과거력,과거 질환 기록,openemr,mySQL,,,,,,,,,,,,,,,,,,,,
openemr,immunizations,예방접종  ,백신 접종 기록,openemr,mySQL,,,,,,,,,,,,,,,,,,,,
openemr,immunization_observation,예방접종 관찰 ,접종 후 반응,openemr,mySQL,,,,,,,,,,,,,,,,,,,,
openemr,issue_encounter,문제-진료 연결  ,진단과 진료 연결,openemr,mySQL,,,,,,,,,,,,,,,,,,,,
openemr,issue_types,문제 유형  ,질병 분류,openemr,mySQL,,,,,,,,,,,,,,,,,,,,
openemr,lang_constants,다국어 리소스  ,UI 언어 관리,openemr,mySQL,,,,,,,,,,,,,,,,,,,,
openemr,lang_custom,다국어 리소스  ,UI 언어 관리,openemr,mySQL,,,,,,,,,,,,,,,,,,,,
openemr,lang_definitions,다국어 리소스  ,UI 언어 관리,openemr,mySQL,,,,,,,,,,,,,,,,,,,,
openemr,lang_languages,다국어 리소스  ,UI 언어 관리,openemr,mySQL,,,,,,,,,,,,,,,,,,,,
openemr,layout_group_properties,화면 그룹 속성,UI 레이아웃 설정,openemr,mySQL,,,,,,,,,,,,,,,,,,,,
openemr,layout_options,화면 옵션  ,입력 폼 구성,openemr,mySQL,,,,,,,,,,,,,,,,,,,,
openemr,lbf_data,동적 폼 데이터 ,사용자 정의 폼 저장,openemr,mySQL,,,,,,,,,,,,,,,,,,,,
openemr,lbt_data,트랜잭션 폼 ,입력 트랜잭션 데이터,openemr,mySQL,,,,,,,,,,,,,,,,,,,,
openemr,lists,환자 문제 리스트  ,진단 리스트,openemr,mySQL,,,,,,,,,,,,,,,,,,,,
openemr,lists_medication,환자 복용 약물  ,약 복용 이력,openemr,mySQL,,,,,,,,,,,,,,,,,,,,
openemr,lists_touch,리스트 변경 이력 ,수정 기록,openemr,mySQL,,,,,,,,,,,,,,,,,,,,
openemr,list_options,코드 옵션  ,드롭다운 값,openemr,mySQL,,,,,,,,,,,,,,,,,,,,
openemr,login_mfa_registrations,MFA 등록  ,다중 인증 정보,openemr,mySQL,,,,,,,,,,,,,,,,,,,,
openemr,log_comment_encrypt,로그 암호화  ,민감 로그 암호 처리,openemr,mySQL,,,,,,,,,,,,,,,,,,,,
openemr,medex_icons,MedEx 아이콘,의료 아이콘 리소스,openemr,mySQL,,,,,,,,,,,,,,,,,,,,
openemr,medex_prefs,MedEx 환경설정  , 메시징 설정,openemr,mySQL,,,,,,,,,,,,,,,,,,,,
openemr,misc_address_book,주소록  ,외부 연락처,openemr,mySQL,,,,,,,,,,,,,,,,,,,,
openemr,multiple_db,멀티 DB 설정,다중 DB 구성,openemr,mySQL,,,,,,,,,,,,,,,,,,,,
openemr,notes,메모  ,"시스템 공지, 메모",openemr,mySQL,,,,,,,,,,,,,,,,,,,,
openemr,oauth_clients,OAuth 클라이언트  ,API 인증,openemr,mySQL,,,,,,,,,,,,,,,,,,,,
openemr,oauth_trusted_user,OAuth 신뢰 사용자  ,인증 사용자,openemr,mySQL,,,,,,,,,,,,,,,,,,,,
openemr,onetime_auth,1회용 인증 ,임시 인증 토큰,openemr,mySQL,,,,,,,,,,,,,,,,,,,,
openemr,onotes,운영 노트,시스템 운영 기록,openemr,mySQL,,,,,,,,,,,,,,,,,,,,
openemr,openemr_modules,OpenEMR 모듈,플러그인 관리,openemr,mySQL,,,,,,,,,,,,,,,,,,,,
openemr,openemr_module_vars,모듈 변수,모듈 설정 값,openemr,mySQL,,,,,,,,,,,,,,,,,,,,
openemr,payment_gateway_details,결제 게이트웨이,PG사 정보,openemr,mySQL,,,,,,,,,,,,,,,,,,,,
openemr,payment_processing_audit,결제 감사 로그  ,결제 검증,openemr,mySQL,,,,,,,,,,,,,,,,,,,,
openemr,phone_numbers,전화번호,환자 연락처,openemr,mySQL,,,,,,,,,,,,,,,,,,,,
openemr,pnotes,환자 노트  ,환자 메모,openemr,mySQL,,,,,,,,,,,,,,,,,,,,
openemr,prices,가격 정보,진료 항목 가격,openemr,mySQL,,,,,,,,,,,,,,,,,,,,
openemr,procedure_answers,검사 답변  ,문진 응답,openemr,mySQL,,,,,,,,,,,,,,,,,,,,
openemr,product_registration,의료기기 등록,장비 등록,openemr,mySQL,,,,,,,,,,,,,,,,,,,,
openemr,product_warehouse,의료기기 창고  ,장비 재고,openemr,mySQL,,,,,,,,,,,,,,,,,,,,
openemr,report_itemized,상세 리포트  ,검사/청구 상세,openemr,mySQL,,,,,,,,,,,,,,,,,,,,
openemr,report_results,검사 리포트 결과  ,최종 판독,openemr,mySQL,,,,,,,,,,,,,,,,,,,,
openemr,rule_action,규칙 동작  ,알림 실행,openemr,mySQL,,,,,,,,,,,,,,,,,,,,
openemr,rule_action_item,규칙 동작 항목  ,세부 동작,openemr,mySQL,,,,,,,,,,,,,,,,,,,,
openemr,rule_filter,규칙 필터 ,조건 설정,openemr,mySQL,,,,,,,,,,,,,,,,,,,,
openemr,rule_patient_data,환자 규칙 데이터 ,환자 기준값,openemr,mySQL,,,,,,,,,,,,,,,,,,,,
openemr,rule_reminder,규칙 알림,자동 알림,openemr,mySQL,,,,,,,,,,,,,,,,,,,,
openemr,rule_target,규칙 대상,적용 대상,openemr,mySQL,,,,,,,,,,,,,,,,,,,,
openemr,sequences,시퀀스 관리  ,PK 생성기,openemr,mySQL,,,,,,,,,,,,,,,,,,,,
openemr,session_tracker,세션 추적,로그인 추적,openemr,mySQL,,,,,,,,,,,,,,,,,,,,
openemr,shared_attributes,공통 속성  ,공유 데이터,openemr,mySQL,,,,,,,,,,,,,,,,,,,,
openemr,standardized_tables_track,표준 테이블 추적  ,표준 데이터 변경 이력,openemr,mySQL,,,,,,,,,,,,,,,,,,,,
openemr,syndromic_surveillance,증후 감시,질병 모니터링,openemr,mySQL,,,,,,,,,,,,,,,,,,,,
openemr,transactions,트랜잭션  ,"결제, 처리 기록",openemr,mySQL,,,,,,,,,,,,,,,,,,,,
openemr,uuid_mapping,UUID 매핑 ,내부 ID 매핑,openemr,mySQL,,,,,,,,,,,,,,,,,,,,
openemr,uuid_registry,UUID 레지스트리  ,UUID 관리,openemr,mySQL,,,,,,,,,,,,,,,,,,,,
openemr,valueset,값 집합 ,표준 코드 값,openemr,mySQL,,,,,,,,,,,,,,,,,,,,
openemr,verify_email,이메일 인증 ,사용자 이메일 인증,openemr,mySQL,,,,,,,,,,,,,,,,,,,,
orthanc,attachedfiles,첨부파일,"DICOM 객체와 함께 저장되는 추가 파일(예: 썸네일, 보고서등) 관리",public,PostgreSQL,어지간하면 필요 없음(썸네일 사용 시 예외),X,,,,,,,,,,,,,,,,,,
orthanc,changes,변경내역,"Orthanc내부에서 발생한 변경 이벤트(업로드, 삭제)를 기록, 동기화/알림에 활용",public,PostgreSQL,Orthanc 내부 이벤트 로그 → CDSS에 불필요,X,,,,,,,,,,,,,,,,,,
orthanc,dicomidentifiers,DICOM 식별자,"환자ID, 스터디 UID, 시리즈 UID 등 DICOM 고유 식별자를 저장
StudyInstanceUID, SeriesInstanceUID, SOPInstanceUID
중복 방지 및 빠른 매핑을 위해 존재",public,PostgreSQL,,O,,,,,,,,,,,,,,,,,,
orthanc,exportedresources,외부 요청,외부로 Export한 DICOM 객체 기록 관리,public,PostgreSQL,외부 Export 기록 → 필요 없음,X,,,,,,,,,,,,,,,,,,
orthanc,globalintegers,전역 정수 값,Orthanc내부에서 사용하는 카운터나 시퀀스 값 저장,public,PostgreSQL,내부 카운터 → 필요 없음,X,,,,,,,,,,,,,,,,,,
orthanc,globalintegerschanges,전역 정수 변경 내역,전역 정수값의 변경 이력을 기록,public,PostgreSQL,내부 카운터 → 필요 없음,X,,,,,,,,,,,,,,,,,,
orthanc,globalproperties,전역 속성,서버 전체에 적용되는 설정값이나 속성(key-value 형태) 저장,public,PostgreSQL,서버 전역 설정 → CDSS 분석에는 불필요,X,,,,,,,,,,,,,,,,,,
orthanc,labels,라벨,"리소스(환자, 스터디 등)에 붙일 수 있는 사용자 정의 라벨 관리",public,PostgreSQL,태그/메타데이터 관리,보조,,,,,,,,,,,,,,,,,,
orthanc,maindicomtags,주요 DICOM 태그,"환자명(PatientName), 환자ID(PatientID), 스터디UID, 시리즈UID 등
“검색에 필요한 주요 태그만” 별도 저장",public,PostgreSQL,"태그/메타데이터 관리

Orthanc의 검색·조회 성능에 사용되는 테이블(검색 인덱스를 빠르게 하기 위한 요약본)",O,,,,,,,,,,,,,,,,,,
orthanc,metadata,메타데이터,"리소스에 부가적으로 붙는 메타데이터
(예: 플러그인에서 추가한 정보 저장,
Rest API로 개발자가 키-값 형태의 메타데이터 저장,
JSON 형태의 값 저장)",public,PostgreSQL,,보조,,,,,,,,,,,,,,,,,,
orthanc,patientrecyclingorder,환자 재활용 순서,환자 데이터 삭제/재활용 시 순서를 관리하여 정리 작업에 활용,public,PostgreSQL,삭제 관리용 → CDSS엔 불필요,X,,,,,,,,,,,,,,,,,,
orthanc,resources,리소스,"Orthanc의 핵심 테이블
모든 DICOM 리소스(Patient, Study, Series, Instance)의 공통 정보를 저장",public,PostgreSQL,"리소스 계층 - parent_id로 계층 구성
resource_type 로 구분됨
0: Patient
1: Study
2: Series
3: Instance

parent_id 를 통해 상위 리소스(Patient/Study/Series)와 계층 구조를 형성.

Orthanc의 검색·조회 성능에 사용되는 테이블",O,,,,,,,,,,,,,,,,,,
orthanc,serverproperties,서버 속성,"Orthanc 서버 자체의 속성값 저장 (예: 버전, 설정 관련)",public,PostgreSQL,Orthanc 버전/설정 → 불필요,X,,,,,,,,,,,,,,,,,,
orthanc,storagearea,DICOM 바이너리 저장소,실제 DICOM 파일의 바이너리 데이터 저장소 역할,public,PostgreSQL,"DICOM 파일(Binary) 또는 파일 블록(chunk) 자체를 저장
원본 데이터가 저장되는 테이블
파일을 64KB 단위로 chunk 나누어 저장",O,,,,,,,,,,,,,,,,,,
,,,,,,,,,,,,,,,,,,,,,,,,,
,,,,,,,,,,,,,,,,,,,,,,,,,
,,,,,,,,,,,,,,,,,,,,,,,,,
,,,,,,,,,,,,,,,,,,,,,,,,,
,,,,,,,,,,,,,,,,,,,,,,,,,
,,,,,,,,,,,,,,,,,,,,,,,,,
,,,,,,,,,,,,,,,,,,,,,,,,,
,,,,,,,,,,,,,,,,,,,,,,,,,
,,,,,,,,,,,,,,,,,,,,,,,,,
,,,,,,,,,,,,,,,,,,,,,,,,,
,,,,,,,,,,,,,,,,,,,,,,,,,
,,,,,,,,,,,,,,,,,,,,,,,,,
,,,,,,,,,,,,,,,,,,,,,,,,,
,,,,,,,,,,,,,,,,,,,,,,,,,
,,,,,,,,,,,,,,,,,,,,,,,,,
,,,,,,,,,,,,,,,,,,,,,,,,,
,,,,,,,,,,,,,,,,,,,,,,,,,
,,,,,,,,,,,,,,,,,,,,,,,,,
,,,,,,,,,,,,,,,,,,,,,,,,,
,,,,,,,,,,,,,,,,,,,,,,,,,
,,,,,,,,,,,,,,,,,,,,,,,,,
,,,,,,,,,,,,,,,,,,,,,,,,,
,,,,,,,,,,,,,,,,,,,,,,,,,
,,,,,,,,,,,,,,,,,,,,,,,,,
,,,,,,,,,,,,,,,,,,,,,,,,,
,,,,,,,,,,,,,,,,,,,,,,,,,
,,,,,,,,,,,,,,,,,,,,,,,,,
,,,,,,,,,,,,,,,,,,,,,,,,,
,,,,,,,,,,,,,,,,,,,,,,,,,
,,,,,,,,,,,,,,,,,,,,,,,,,
,,,,,,,,,,,,,,,,,,,,,,,,,
,,,,,,,,,,,,,,,,,,,,,,,,,
,,,,,,,,,,,,,,,,,,,,,,,,,
,,,,,,,,,,,,,,,,,,,,,,,,,
,,,,,,,,,,,,,,,,,,,,,,,,,
,,,,,,,,,,,,,,,,,,,,,,,,,
,,,,,,,,,,,,,,,,,,,,,,,,,
,,,,,,,,,,,,,,,,,,,,,,,,,
,,,,,,,,,,,,,,,,,,,,,,,,,
,,,,,,,,,,,,,,,,,,,,,,,,,
,,,,,,,,,,,,,,,,,,,,,,,,,
,,,,,,,,,,,,,,,,,,,,,,,,,
,,,,,,,,,,,,,,,,,,,,,,,,,
,,,,,,,,,,,,,,,,,,,,,,,,,
,,,,,,,,,,,,,,,,,,,,,,,,,
,,,,,,,,,,,,,,,,,,,,,,,,,
,,,,,,,,,,,,,,,,,,,,,,,,,
,,,,,,,,,,,,,,,,,,,,,,,,,
,,,,,,,,,,,,,,,,,,,,,,,,,
,,,,,,,,,,,,,,,,,,,,,,,,,
,,,,,,,,,,,,,,,,,,,,,,,,,
,,,,,,,,,,,,,,,,,,,,,,,,,
,,,,,,,,,,,,,,,,,,,,,,,,,
,,,,,,,,,,,,,,,,,,,,,,,,,
,,,,,,,,,,,,,,,,,,,,,,,,,
,,,,,,,,,,,,,,,,,,,,,,,,,
,,,,,,,,,,,,,,,,,,,,,,,,,
,,,,,,,,,,,,,,,,,,,,,,,,,
,,,,,,,,,,,,,,,,,,,,,,,,,
,,,,,,,,,,,,,,,,,,,,,,,,,
,,,,,,,,,,,,,,,,,,,,,,,,,
,,,,,,,,,,,,,,,,,,,,,,,,,
,,,,,,,,,,,,,,,,,,,,,,,,,
,,,,,,,,,,,,,,,,,,,,,,,,,
,,,,,,,,,,,,,,,,,,,,,,,,,
,,,,,,,,,,,,,,,,,,,,,,,,,
,,,,,,,,,,,,,,,,,,,,,,,,,
,,,,,,,,,,,,,,,,,,,,,,,,,
,,,,,,,,,,,,,,,,,,,,,,,,,
,,,,,,,,,,,,,,,,,,,,,,,,,
,,,,,,,,,,,,,,,,,,,,,,,,,
,,,,,,,,,,,,,,,,,,,,,,,,,
,,,,,,,,,,,,,,,,,,,,,,,,,
,,,,,,,,,,,,,,,,,,,,,,,,,
,,,,,,,,,,,,,,,,,,,,,,,,,
,,,,,,,,,,,,,,,,,,,,,,,,,
,,,,,,,,,,,,,,,,,,,,,,,,,
,,,,,,,,,,,,,,,,,,,,,,,,,
,,,,,,,,,,,,,,,,,,,,,,,,,
,,,,,,,,,,,,,,,,,,,,,,,,,
,,,,,,,,,,,,,,,,,,,,,,,,,
,,,,,,,,,,,,,,,,,,,,,,,,,
,,,,,,,,,,,,,,,,,,,,,,,,,
,,,,,,,,,,,,,,,,,,,,,,,,,
,,,,,,,,,,,,,,,,,,,,,,,,,
,,,,,,,,,,,,,,,,,,,,,,,,,
,,,,,,,,,,,,,,,,,,,,,,,,,
,,,,,,,,,,,,,,,,,,,,,,,,,
,,,,,,,,,,,,,,,,,,,,,,,,,
,,,,,,,,,,,,,,,,,,,,,,,,,
,,,,,,,,,,,,,,,,,,,,,,,,,
,,,,,,,,,,,,,,,,,,,,,,,,,
,,,,,,,,,,,,,,,,,,,,,,,,,
,,,,,,,,,,,,,,,,,,,,,,,,,
,,,,,,,,,,,,,,,,,,,,,,,,,
,,,,,,,,,,,,,,,,,,,,,,,,,
,,,,,,,,,,,,,,,,,,,,,,,,,
,,,,,,,,,,,,,,,,,,,,,,,,,
,,,,,,,,,,,,,,,,,,,,,,,,,
,,,,,,,,,,,,,,,,,,,,,,,,,
,,,,,,,,,,,,,,,,,,,,,,,,,
,,,,,,,,,,,,,,,,,,,,,,,,,
,,,,,,,,,,,,,,,,,,,,,,,,,
,,,,,,,,,,,,,,,,,,,,,,,,,
,,,,,,,,,,,,,,,,,,,,,,,,,
,,,,,,,,,,,,,,,,,,,,,,,,,
,,,,,,,,,,,,,,,,,,,,,,,,,
,,,,,,,,,,,,,,,,,,,,,,,,,
,,,,,,,,,,,,,,,,,,,,,,,,,
,,,,,,,,,,,,,,,,,,,,,,,,,
,,,,,,,,,,,,,,,,,,,,,,,,,
,,,,,,,,,,,,,,,,,,,,,,,,,
,,,,,,,,,,,,,,,,,,,,,,,,,
,,,,,,,,,,,,,,,,,,,,,,,,,
,,,,,,,,,,,,,,,,,,,,,,,,,
,,,,,,,,,,,,,,,,,,,,,,,,,
,,,,,,,,,,,,,,,,,,,,,,,,,
,,,,,,,,,,,,,,,,,,,,,,,,,
,,,,,,,,,,,,,,,,,,,,,,,,,
,,,,,,,,,,,,,,,,,,,,,,,,,
,,,,,,,,,,,,,,,,,,,,,,,,,
,,,,,,,,,,,,,,,,,,,,,,,,,
,,,,,,,,,,,,,,,,,,,,,,,,,
,,,,,,,,,,,,,,,,,,,,,,,,,
,,,,,,,,,,,,,,,,,,,,,,,,,
,,,,,,,,,,,,,,,,,,,,,,,,,
,,,,,,,,,,,,,,,,,,,,,,,,,
,,,,,,,,,,,,,,,,,,,,,,,,,
,,,,,,,,,,,,,,,,,,,,,,,,,
,,,,,,,,,,,,,,,,,,,,,,,,,
,,,,,,,,,,,,,,,,,,,,,,,,,
,,,,,,,,,,,,,,,,,,,,,,,,,
,,,,,,,,,,,,,,,,,,,,,,,,,
,,,,,,,,,,,,,,,,,,,,,,,,,
,,,,,,,,,,,,,,,,,,,,,,,,,
,,,,,,,,,,,,,,,,,,,,,,,,,
,,,,,,,,,,,,,,,,,,,,,,,,,
,,,,,,,,,,,,,,,,,,,,,,,,,
,,,,,,,,,,,,,,,,,,,,,,,,,
,,,,,,,,,,,,,,,,,,,,,,,,,
,,,,,,,,,,,,,,,,,,,,,,,,,
,,,,,,,,,,,,,,,,,,,,,,,,,
,,,,,,,,,,,,,,,,,,,,,,,,,
,,,,,,,,,,,,,,,,,,,,,,,,,
,,,,,,,,,,,,,,,,,,,,,,,,,
,,,,,,,,,,,,,,,,,,,,,,,,,
,,,,,,,,,,,,,,,,,,,,,,,,,
,,,,,,,,,,,,,,,,,,,,,,,,,
,,,,,,,,,,,,,,,,,,,,,,,,,
,,,,,,,,,,,,,,,,,,,,,,,,,
,,,,,,,,,,,,,,,,,,,,,,,,,
,,,,,,,,,,,,,,,,,,,,,,,,,
,,,,,,,,,,,,,,,,,,,,,,,,,
,,,,,,,,,,,,,,,,,,,,,,,,,
,,,,,,,,,,,,,,,,,,,,,,,,,
,,,,,,,,,,,,,,,,,,,,,,,,,
,,,,,,,,,,,,,,,,,,,,,,,,,
,,,,,,,,,,,,,,,,,,,,,,,,,
,,,,,,,,,,,,,,,,,,,,,,,,,
,,,,,,,,,,,,,,,,,,,,,,,,,
,,,,,,,,,,,,,,,,,,,,,,,,,
,,,,,,,,,,,,,,,,,,,,,,,,,
,,,,,,,,,,,,,,,,,,,,,,,,,
,,,,,,,,,,,,,,,,,,,,,,,,,
,,,,,,,,,,,,,,,,,,,,,,,,,
,,,,,,,,,,,,,,,,,,,,,,,,,
,,,,,,,,,,,,,,,,,,,,,,,,,
,,,,,,,,,,,,,,,,,,,,,,,,,
,,,,,,,,,,,,,,,,,,,,,,,,,
,,,,,,,,,,,,,,,,,,,,,,,,,
,,,,,,,,,,,,,,,,,,,,,,,,,
,,,,,,,,,,,,,,,,,,,,,,,,,
,,,,,,,,,,,,,,,,,,,,,,,,,
,,,,,,,,,,,,,,,,,,,,,,,,,
,,,,,,,,,,,,,,,,,,,,,,,,,
,,,,,,,,,,,,,,,,,,,,,,,,,
,,,,,,,,,,,,,,,,,,,,,,,,,
,,,,,,,,,,,,,,,,,,,,,,,,,
,,,,,,,,,,,,,,,,,,,,,,,,,
,,,,,,,,,,,,,,,,,,,,,,,,,
,,,,,,,,,,,,,,,,,,,,,,,,,
,,,,,,,,,,,,,,,,,,,,,,,,,
,,,,,,,,,,,,,,,,,,,,,,,,,
,,,,,,,,,,,,,,,,,,,,,,,,,
,,,,,,,,,,,,,,,,,,,,,,,,,
,,,,,,,,,,,,,,,,,,,,,,,,,
,,,,,,,,,,,,,,,,,,,,,,,,,
,,,,,,,,,,,,,,,,,,,,,,,,,
,,,,,,,,,,,,,,,,,,,,,,,,,
,,,,,,,,,,,,,,,,,,,,,,,,,
,,,,,,,,,,,,,,,,,,,,,,,,,
,,,,,,,,,,,,,,,,,,,,,,,,,
,,,,,,,,,,,,,,,,,,,,,,,,,
,,,,,,,,,,,,,,,,,,,,,,,,,
,,,,,,,,,,,,,,,,,,,,,,,,,
,,,,,,,,,,,,,,,,,,,,,,,,,
,,,,,,,,,,,,,,,,,,,,,,,,,
,,,,,,,,,,,,,,,,,,,,,,,,,
,,,,,,,,,,,,,,,,,,,,,,,,,
,,,,,,,,,,,,,,,,,,,,,,,,,
,,,,,,,,,,,,,,,,,,,,,,,,,
,,,,,,,,,,,,,,,,,,,,,,,,,
,,,,,,,,,,,,,,,,,,,,,,,,,
,,,,,,,,,,,,,,,,,,,,,,,,,
,,,,,,,,,,,,,,,,,,,,,,,,,
,,,,,,,,,,,,,,,,,,,,,,,,,
,,,,,,,,,,,,,,,,,,,,,,,,,
,,,,,,,,,,,,,,,,,,,,,,,,,
,,,,,,,,,,,,,,,,,,,,,,,,,
,,,,,,,,,,,,,,,,,,,,,,,,,
,,,,,,,,,,,,,,,,,,,,,,,,,
,,,,,,,,,,,,,,,,,,,,,,,,,
,,,,,,,,,,,,,,,,,,,,,,,,,
,,,,,,,,,,,,,,,,,,,,,,,,,
,,,,,,,,,,,,,,,,,,,,,,,,,
,,,,,,,,,,,,,,,,,,,,,,,,,
,,,,,,,,,,,,,,,,,,,,,,,,,
,,,,,,,,,,,,,,,,,,,,,,,,,
,,,,,,,,,,,,,,,,,,,,,,,,,
,,,,,,,,,,,,,,,,,,,,,,,,,
,,,,,,,,,,,,,,,,,,,,,,,,,
,,,,,,,,,,,,,,,,,,,,,,,,,
,,,,,,,,,,,,,,,,,,,,,,,,,
,,,,,,,,,,,,,,,,,,,,,,,,,
,,,,,,,,,,,,,,,,,,,,,,,,,
,,,,,,,,,,,,,,,,,,,,,,,,,
,,,,,,,,,,,,,,,,,,,,,,,,,
,,,,,,,,,,,,,,,,,,,,,,,,,
,,,,,,,,,,,,,,,,,,,,,,,,,
,,,,,,,,,,,,,,,,,,,,,,,,,
,,,,,,,,,,,,,,,,,,,,,,,,,
,,,,,,,,,,,,,,,,,,,,,,,,,
,,,,,,,,,,,,,,,,,,,,,,,,,
,,,,,,,,,,,,,,,,,,,,,,,,,
,,,,,,,,,,,,,,,,,,,,,,,,,
,,,,,,,,,,,,,,,,,,,,,,,,,
,,,,,,,,,,,,,,,,,,,,,,,,,
,,,,,,,,,,,,,,,,,,,,,,,,,
,,,,,,,,,,,,,,,,,,,,,,,,,
,,,,,,,,,,,,,,,,,,,,,,,,,
,,,,,,,,,,,,,,,,,,,,,,,,,
,,,,,,,,,,,,,,,,,,,,,,,,,
,,,,,,,,,,,,,,,,,,,,,,,,,
,,,,,,,,,,,,,,,,,,,,,,,,,
,,,,,,,,,,,,,,,,,,,,,,,,,
,,,,,,,,,,,,,,,,,,,,,,,,,
,,,,,,,,,,,,,,,,,,,,,,,,,
,,,,,,,,,,,,,,,,,,,,,,,,,
,,,,,,,,,,,,,,,,,,,,,,,,,
,,,,,,,,,,,,,,,,,,,,,,,,,
,,,,,,,,,,,,,,,,,,,,,,,,,
,,,,,,,,,,,,,,,,,,,,,,,,,
,,,,,,,,,,,,,,,,,,,,,,,,,
,,,,,,,,,,,,,,,,,,,,,,,,,
,,,,,,,,,,,,,,,,,,,,,,,,,
,,,,,,,,,,,,,,,,,,,,,,,,,
,,,,,,,,,,,,,,,,,,,,,,,,,
,,,,,,,,,,,,,,,,,,,,,,,,,
,,,,,,,,,,,,,,,,,,,,,,,,,
,,,,,,,,,,,,,,,,,,,,,,,,,
,,,,,,,,,,,,,,,,,,,,,,,,,
,,,,,,,,,,,,,,,,,,,,,,,,,
,,,,,,,,,,,,,,,,,,,,,,,,,
,,,,,,,,,,,,,,,,,,,,,,,,,
,,,,,,,,,,,,,,,,,,,,,,,,,
,,,,,,,,,,,,,,,,,,,,,,,,,
,,,,,,,,,,,,,,,,,,,,,,,,,
,,,,,,,,,,,,,,,,,,,,,,,,,
,,,,,,,,,,,,,,,,,,,,,,,,,
,,,,,,,,,,,,,,,,,,,,,,,,,
,,,,,,,,,,,,,,,,,,,,,,,,,
,,,,,,,,,,,,,,,,,,,,,,,,,
,,,,,,,,,,,,,,,,,,,,,,,,,
,,,,,,,,,,,,,,,,,,,,,,,,,
,,,,,,,,,,,,,,,,,,,,,,,,,
,,,,,,,,,,,,,,,,,,,,,,,,,
,,,,,,,,,,,,,,,,,,,,,,,,,
,,,,,,,,,,,,,,,,,,,,,,,,,
,,,,,,,,,,,,,,,,,,,,,,,,,
,,,,,,,,,,,,,,,,,,,,,,,,,
,,,,,,,,,,,,,,,,,,,,,,,,,
,,,,,,,,,,,,,,,,,,,,,,,,,
,,,,,,,,,,,,,,,,,,,,,,,,,
,,,,,,,,,,,,,,,,,,,,,,,,,
,,,,,,,,,,,,,,,,,,,,,,,,,
,,,,,,,,,,,,,,,,,,,,,,,,,
,,,,,,,,,,,,,,,,,,,,,,,,,
,,,,,,,,,,,,,,,,,,,,,,,,,
,,,,,,,,,,,,,,,,,,,,,,,,,
,,,,,,,,,,,,,,,,,,,,,,,,,
,,,,,,,,,,,,,,,,,,,,,,,,,
,,,,,,,,,,,,,,,,,,,,,,,,,
,,,,,,,,,,,,,,,,,,,,,,,,,
,,,,,,,,,,,,,,,,,,,,,,,,,
,,,,,,,,,,,,,,,,,,,,,,,,,
,,,,,,,,,,,,,,,,,,,,,,,,,
,,,,,,,,,,,,,,,,,,,,,,,,,
,,,,,,,,,,,,,,,,,,,,,,,,,
,,,,,,,,,,,,,,,,,,,,,,,,,
,,,,,,,,,,,,,,,,,,,,,,,,,
,,,,,,,,,,,,,,,,,,,,,,,,,
,,,,,,,,,,,,,,,,,,,,,,,,,
,,,,,,,,,,,,,,,,,,,,,,,,,
,,,,,,,,,,,,,,,,,,,,,,,,,
,,,,,,,,,,,,,,,,,,,,,,,,,
,,,,,,,,,,,,,,,,,,,,,,,,,
,,,,,,,,,,,,,,,,,,,,,,,,,
,,,,,,,,,,,,,,,,,,,,,,,,,
,,,,,,,,,,,,,,,,,,,,,,,,,
,,,,,,,,,,,,,,,,,,,,,,,,,
,,,,,,,,,,,,,,,,,,,,,,,,,
,,,,,,,,,,,,,,,,,,,,,,,,,
,,,,,,,,,,,,,,,,,,,,,,,,,
,,,,,,,,,,,,,,,,,,,,,,,,,
,,,,,,,,,,,,,,,,,,,,,,,,,
,,,,,,,,,,,,,,,,,,,,,,,,,
,,,,,,,,,,,,,,,,,,,,,,,,,
,,,,,,,,,,,,,,,,,,,,,,,,,
,,,,,,,,,,,,,,,,,,,,,,,,,
,,,,,,,,,,,,,,,,,,,,,,,,,
,,,,,,,,,,,,,,,,,,,,,,,,,
,,,,,,,,,,,,,,,,,,,,,,,,,
,,,,,,,,,,,,,,,,,,,,,,,,,
,,,,,,,,,,,,,,,,,,,,,,,,,
,,,,,,,,,,,,,,,,,,,,,,,,,
,,,,,,,,,,,,,,,,,,,,,,,,,
,,,,,,,,,,,,,,,,,,,,,,,,,
,,,,,,,,,,,,,,,,,,,,,,,,,
,,,,,,,,,,,,,,,,,,,,,,,,,
,,,,,,,,,,,,,,,,,,,,,,,,,
,,,,,,,,,,,,,,,,,,,,,,,,,
,,,,,,,,,,,,,,,,,,,,,,,,,
,,,,,,,,,,,,,,,,,,,,,,,,,
,,,,,,,,,,,,,,,,,,,,,,,,,
,,,,,,,,,,,,,,,,,,,,,,,,,
,,,,,,,,,,,,,,,,,,,,,,,,,
,,,,,,,,,,,,,,,,,,,,,,,,,
,,,,,,,,,,,,,,,,,,,,,,,,,
,,,,,,,,,,,,,,,,,,,,,,,,,
,,,,,,,,,,,,,,,,,,,,,,,,,
,,,,,,,,,,,,,,,,,,,,,,,,,
,,,,,,,,,,,,,,,,,,,,,,,,,
,,,,,,,,,,,,,,,,,,,,,,,,,
,,,,,,,,,,,,,,,,,,,,,,,,,
,,,,,,,,,,,,,,,,,,,,,,,,,
,,,,,,,,,,,,,,,,,,,,,,,,,
,,,,,,,,,,,,,,,,,,,,,,,,,
,,,,,,,,,,,,,,,,,,,,,,,,,
,,,,,,,,,,,,,,,,,,,,,,,,,
,,,,,,,,,,,,,,,,,,,,,,,,,
,,,,,,,,,,,,,,,,,,,,,,,,,
,,,,,,,,,,,,,,,,,,,,,,,,,
,,,,,,,,,,,,,,,,,,,,,,,,,
,,,,,,,,,,,,,,,,,,,,,,,,,
,,,,,,,,,,,,,,,,,,,,,,,,,
,,,,,,,,,,,,,,,,,,,,,,,,,
,,,,,,,,,,,,,,,,,,,,,,,,,
,,,,,,,,,,,,,,,,,,,,,,,,,
,,,,,,,,,,,,,,,,,,,,,,,,,
,,,,,,,,,,,,,,,,,,,,,,,,,
,,,,,,,,,,,,,,,,,,,,,,,,,
,,,,,,,,,,,,,,,,,,,,,,,,,
,,,,,,,,,,,,,,,,,,,,,,,,,
,,,,,,,,,,,,,,,,,,,,,,,,,
,,,,,,,,,,,,,,,,,,,,,,,,,
,,,,,,,,,,,,,,,,,,,,,,,,,
,,,,,,,,,,,,,,,,,,,,,,,,,
,,,,,,,,,,,,,,,,,,,,,,,,,
,,,,,,,,,,,,,,,,,,,,,,,,,
,,,,,,,,,,,,,,,,,,,,,,,,,
,,,,,,,,,,,,,,,,,,,,,,,,,
,,,,,,,,,,,,,,,,,,,,,,,,,
,,,,,,,,,,,,,,,,,,,,,,,,,
,,,,,,,,,,,,,,,,,,,,,,,,,
,,,,,,,,,,,,,,,,,,,,,,,,,
,,,,,,,,,,,,,,,,,,,,,,,,,
,,,,,,,,,,,,,,,,,,,,,,,,,
,,,,,,,,,,,,,,,,,,,,,,,,,
,,,,,,,,,,,,,,,,,,,,,,,,,
,,,,,,,,,,,,,,,,,,,,,,,,,
,,,,,,,,,,,,,,,,,,,,,,,,,
,,,,,,,,,,,,,,,,,,,,,,,,,
,,,,,,,,,,,,,,,,,,,,,,,,,
,,,,,,,,,,,,,,,,,,,,,,,,,
,,,,,,,,,,,,,,,,,,,,,,,,,
,,,,,,,,,,,,,,,,,,,,,,,,,
,,,,,,,,,,,,,,,,,,,,,,,,,
,,,,,,,,,,,,,,,,,,,,,,,,,
,,,,,,,,,,,,,,,,,,,,,,,,,
,,,,,,,,,,,,,,,,,,,,,,,,,
,,,,,,,,,,,,,,,,,,,,,,,,,
,,,,,,,,,,,,,,,,,,,,,,,,,
,,,,,,,,,,,,,,,,,,,,,,,,,
,,,,,,,,,,,,,,,,,,,,,,,,,
,,,,,,,,,,,,,,,,,,,,,,,,,
,,,,,,,,,,,,,,,,,,,,,,,,,
,,,,,,,,,,,,,,,,,,,,,,,,,
,,,,,,,,,,,,,,,,,,,,,,,,,
,,,,,,,,,,,,,,,,,,,,,,,,,
,,,,,,,,,,,,,,,,,,,,,,,,,
,,,,,,,,,,,,,,,,,,,,,,,,,
,,,,,,,,,,,,,,,,,,,,,,,,,
,,,,,,,,,,,,,,,,,,,,,,,,,
,,,,,,,,,,,,,,,,,,,,,,,,,
,,,,,,,,,,,,,,,,,,,,,,,,,
,,,,,,,,,,,,,,,,,,,,,,,,,
,,,,,,,,,,,,,,,,,,,,,,,,,
,,,,,,,,,,,,,,,,,,,,,,,,,
,,,,,,,,,,,,,,,,,,,,,,,,,
,,,,,,,,,,,,,,,,,,,,,,,,,
,,,,,,,,,,,,,,,,,,,,,,,,,
,,,,,,,,,,,,,,,,,,,,,,,,,
,,,,,,,,,,,,,,,,,,,,,,,,,
,,,,,,,,,,,,,,,,,,,,,,,,,
,,,,,,,,,,,,,,,,,,,,,,,,,
,,,,,,,,,,,,,,,,,,,,,,,,,
,,,,,,,,,,,,,,,,,,,,,,,,,
,,,,,,,,,,,,,,,,,,,,,,,,,
,,,,,,,,,,,,,,,,,,,,,,,,,
,,,,,,,,,,,,,,,,,,,,,,,,,
,,,,,,,,,,,,,,,,,,,,,,,,,
,,,,,,,,,,,,,,,,,,,,,,,,,
,,,,,,,,,,,,,,,,,,,,,,,,,
,,,,,,,,,,,,,,,,,,,,,,,,,
,,,,,,,,,,,,,,,,,,,,,,,,,
,,,,,,,,,,,,,,,,,,,,,,,,,
,,,,,,,,,,,,,,,,,,,,,,,,,
,,,,,,,,,,,,,,,,,,,,,,,,,
,,,,,,,,,,,,,,,,,,,,,,,,,
,,,,,,,,,,,,,,,,,,,,,,,,,
,,,,,,,,,,,,,,,,,,,,,,,,,
,,,,,,,,,,,,,,,,,,,,,,,,,
,,,,,,,,,,,,,,,,,,,,,,,,,
,,,,,,,,,,,,,,,,,,,,,,,,,
,,,,,,,,,,,,,,,,,,,,,,,,,
,,,,,,,,,,,,,,,,,,,,,,,,,
,,,,,,,,,,,,,,,,,,,,,,,,,
,,,,,,,,,,,,,,,,,,,,,,,,,
,,,,,,,,,,,,,,,,,,,,,,,,,
,,,,,,,,,,,,,,,,,,,,,,,,,
,,,,,,,,,,,,,,,,,,,,,,,,,
,,,,,,,,,,,,,,,,,,,,,,,,,
,,,,,,,,,,,,,,,,,,,,,,,,,
,,,,,,,,,,,,,,,,,,,,,,,,,
,,,,,,,,,,,,,,,,,,,,,,,,,
,,,,,,,,,,,,,,,,,,,,,,,,,
,,,,,,,,,,,,,,,,,,,,,,,,,
,,,,,,,,,,,,,,,,,,,,,,,,,
,,,,,,,,,,,,,,,,,,,,,,,,,
,,,,,,,,,,,,,,,,,,,,,,,,,
,,,,,,,,,,,,,,,,,,,,,,,,,
,,,,,,,,,,,,,,,,,,,,,,,,,
,,,,,,,,,,,,,,,,,,,,,,,,,
,,,,,,,,,,,,,,,,,,,,,,,,,
,,,,,,,,,,,,,,,,,,,,,,,,,
,,,,,,,,,,,,,,,,,,,,,,,,,
,,,,,,,,,,,,,,,,,,,,,,,,,
,,,,,,,,,,,,,,,,,,,,,,,,,
,,,,,,,,,,,,,,,,,,,,,,,,,
,,,,,,,,,,,,,,,,,,,,,,,,,
,,,,,,,,,,,,,,,,,,,,,,,,,
,,,,,,,,,,,,,,,,,,,,,,,,,
,,,,,,,,,,,,,,,,,,,,,,,,,
,,,,,,,,,,,,,,,,,,,,,,,,,
,,,,,,,,,,,,,,,,,,,,,,,,,
,,,,,,,,,,,,,,,,,,,,,,,,,
,,,,,,,,,,,,,,,,,,,,,,,,,
,,,,,,,,,,,,,,,,,,,,,,,,,
,,,,,,,,,,,,,,,,,,,,,,,,,
,,,,,,,,,,,,,,,,,,,,,,,,,
,,,,,,,,,,,,,,,,,,,,,,,,,
,,,,,,,,,,,,,,,,,,,,,,,,,
,,,,,,,,,,,,,,,,,,,,,,,,,
,,,,,,,,,,,,,,,,,,,,,,,,,
,,,,,,,,,,,,,,,,,,,,,,,,,
,,,,,,,,,,,,,,,,,,,,,,,,,
,,,,,,,,,,,,,,,,,,,,,,,,,
,,,,,,,,,,,,,,,,,,,,,,,,,
,,,,,,,,,,,,,,,,,,,,,,,,,
,,,,,,,,,,,,,,,,,,,,,,,,,
,,,,,,,,,,,,,,,,,,,,,,,,,
,,,,,,,,,,,,,,,,,,,,,,,,,
,,,,,,,,,,,,,,,,,,,,,,,,,
,,,,,,,,,,,,,,,,,,,,,,,,,
,,,,,,,,,,,,,,,,,,,,,,,,,
,,,,,,,,,,,,,,,,,,,,,,,,,
,,,,,,,,,,,,,,,,,,,,,,,,,
,,,,,,,,,,,,,,,,,,,,,,,,,
,,,,,,,,,,,,,,,,,,,,,,,,,
,,,,,,,,,,,,,,,,,,,,,,,,,
,,,,,,,,,,,,,,,,,,,,,,,,,
,,,,,,,,,,,,,,,,,,,,,,,,,
,,,,,,,,,,,,,,,,,,,,,,,,,
,,,,,,,,,,,,,,,,,,,,,,,,,
,,,,,,,,,,,,,,,,,,,,,,,,,
,,,,,,,,,,,,,,,,,,,,,,,,,
,,,,,,,,,,,,,,,,,,,,,,,,,
,,,,,,,,,,,,,,,,,,,,,,,,,
,,,,,,,,,,,,,,,,,,,,,,,,,
,,,,,,,,,,,,,,,,,,,,,,,,,
,,,,,,,,,,,,,,,,,,,,,,,,,
,,,,,,,,,,,,,,,,,,,,,,,,,
,,,,,,,,,,,,,,,,,,,,,,,,,
,,,,,,,,,,,,,,,,,,,,,,,,,
,,,,,,,,,,,,,,,,,,,,,,,,,
,,,,,,,,,,,,,,,,,,,,,,,,,
,,,,,,,,,,,,,,,,,,,,,,,,,
,,,,,,,,,,,,,,,,,,,,,,,,,
,,,,,,,,,,,,,,,,,,,,,,,,,
,,,,,,,,,,,,,,,,,,,,,,,,,
,,,,,,,,,,,,,,,,,,,,,,,,,
,,,,,,,,,,,,,,,,,,,,,,,,,
,,,,,,,,,,,,,,,,,,,,,,,,,
,,,,,,,,,,,,,,,,,,,,,,,,,
,,,,,,,,,,,,,,,,,,,,,,,,,
,,,,,,,,,,,,,,,,,,,,,,,,,
,,,,,,,,,,,,,,,,,,,,,,,,,
,,,,,,,,,,,,,,,,,,,,,,,,,
,,,,,,,,,,,,,,,,,,,,,,,,,
,,,,,,,,,,,,,,,,,,,,,,,,,
,,,,,,,,,,,,,,,,,,,,,,,,,
,,,,,,,,,,,,,,,,,,,,,,,,,
,,,,,,,,,,,,,,,,,,,,,,,,,
,,,,,,,,,,,,,,,,,,,,,,,,,
,,,,,,,,,,,,,,,,,,,,,,,,,
,,,,,,,,,,,,,,,,,,,,,,,,,
,,,,,,,,,,,,,,,,,,,,,,,,,
,,,,,,,,,,,,,,,,,,,,,,,,,
,,,,,,,,,,,,,,,,,,,,,,,,,
,,,,,,,,,,,,,,,,,,,,,,,,,
,,,,,,,,,,,,,,,,,,,,,,,,,
,,,,,,,,,,,,,,,,,,,,,,,,,
,,,,,,,,,,,,,,,,,,,,,,,,,
,,,,,,,,,,,,,,,,,,,,,,,,,
,,,,,,,,,,,,,,,,,,,,,,,,,
,,,,,,,,,,,,,,,,,,,,,,,,,
,,,,,,,,,,,,,,,,,,,,,,,,,
,,,,,,,,,,,,,,,,,,,,,,,,,
,,,,,,,,,,,,,,,,,,,,,,,,,
,,,,,,,,,,,,,,,,,,,,,,,,,
,,,,,,,,,,,,,,,,,,,,,,,,,
,,,,,,,,,,,,,,,,,,,,,,,,,
,,,,,,,,,,,,,,,,,,,,,,,,,
,,,,,,,,,,,,,,,,,,,,,,,,,
,,,,,,,,,,,,,,,,,,,,,,,,,
,,,,,,,,,,,,,,,,,,,,,,,,,
,,,,,,,,,,,,,,,,,,,,,,,,,
,,,,,,,,,,,,,,,,,,,,,,,,,
,,,,,,,,,,,,,,,,,,,,,,,,,
,,,,,,,,,,,,,,,,,,,,,,,,,
,,,,,,,,,,,,,,,,,,,,,,,,,
,,,,,,,,,,,,,,,,,,,,,,,,,
,,,,,,,,,,,,,,,,,,,,,,,,,
,,,,,,,,,,,,,,,,,,,,,,,,,
,,,,,,,,,,,,,,,,,,,,,,,,,
,,,,,,,,,,,,,,,,,,,,,,,,,
,,,,,,,,,,,,,,,,,,,,,,,,,
,,,,,,,,,,,,,,,,,,,,,,,,,
,,,,,,,,,,,,,,,,,,,,,,,,,
,,,,,,,,,,,,,,,,,,,,,,,,,
,,,,,,,,,,,,,,,,,,,,,,,,,
,,,,,,,,,,,,,,,,,,,,,,,,,
,,,,,,,,,,,,,,,,,,,,,,,,,
,,,,,,,,,,,,,,,,,,,,,,,,,
,,,,,,,,,,,,,,,,,,,,,,,,,
,,,,,,,,,,,,,,,,,,,,,,,,,
,,,,,,,,,,,,,,,,,,,,,,,,,
,,,,,,,,,,,,,,,,,,,,,,,,,
,,,,,,,,,,,,,,,,,,,,,,,,,
,,,,,,,,,,,,,,,,,,,,,,,,,
,,,,,,,,,,,,,,,,,,,,,,,,,
,,,,,,,,,,,,,,,,,,,,,,,,,
,,,,,,,,,,,,,,,,,,,,,,,,,
,,,,,,,,,,,,,,,,,,,,,,,,,
,,,,,,,,,,,,,,,,,,,,,,,,,
,,,,,,,,,,,,,,,,,,,,,,,,,
,,,,,,,,,,,,,,,,,,,,,,,,,
,,,,,,,,,,,,,,,,,,,,,,,,,
,,,,,,,,,,,,,,,,,,,,,,,,,
,,,,,,,,,,,,,,,,,,,,,,,,,
,,,,,,,,,,,,,,,,,,,,,,,,,
,,,,,,,,,,,,,,,,,,,,,,,,,
,,,,,,,,,,,,,,,,,,,,,,,,,
,,,,,,,,,,,,,,,,,,,,,,,,,
,,,,,,,,,,,,,,,,,,,,,,,,,
,,,,,,,,,,,,,,,,,,,,,,,,,
,,,,,,,,,,,,,,,,,,,,,,,,,
,,,,,,,,,,,,,,,,,,,,,,,,,
,,,,,,,,,,,,,,,,,,,,,,,,,
,,,,,,,,,,,,,,,,,,,,,,,,,
,,,,,,,,,,,,,,,,,,,,,,,,,
,,,,,,,,,,,,,,,,,,,,,,,,,
,,,,,,,,,,,,,,,,,,,,,,,,,
,,,,,,,,,,,,,,,,,,,,,,,,,
,,,,,,,,,,,,,,,,,,,,,,,,,
,,,,,,,,,,,,,,,,,,,,,,,,,
,,,,,,,,,,,,,,,,,,,,,,,,,
,,,,,,,,,,,,,,,,,,,,,,,,,
,,,,,,,,,,,,,,,,,,,,,,,,,
,,,,,,,,,,,,,,,,,,,,,,,,,
,,,,,,,,,,,,,,,,,,,,,,,,,
,,,,,,,,,,,,,,,,,,,,,,,,,
,,,,,,,,,,,,,,,,,,,,,,,,,
,,,,,,,,,,,,,,,,,,,,,,,,,
,,,,,,,,,,,,,,,,,,,,,,,,,
,,,,,,,,,,,,,,,,,,,,,,,,,
,,,,,,,,,,,,,,,,,,,,,,,,,
,,,,,,,,,,,,,,,,,,,,,,,,,
,,,,,,,,,,,,,,,,,,,,,,,,,
,,,,,,,,,,,,,,,,,,,,,,,,,
,,,,,,,,,,,,,,,,,,,,,,,,,
,,,,,,,,,,,,,,,,,,,,,,,,,
,,,,,,,,,,,,,,,,,,,,,,,,,
,,,,,,,,,,,,,,,,,,,,,,,,,
,,,,,,,,,,,,,,,,,,,,,,,,,
,,,,,,,,,,,,,,,,,,,,,,,,,
,,,,,,,,,,,,,,,,,,,,,,,,,
,,,,,,,,,,,,,,,,,,,,,,,,,
,,,,,,,,,,,,,,,,,,,,,,,,,
,,,,,,,,,,,,,,,,,,,,,,,,,
,,,,,,,,,,,,,,,,,,,,,,,,,
,,,,,,,,,,,,,,,,,,,,,,,,,
,,,,,,,,,,,,,,,,,,,,,,,,,
,,,,,,,,,,,,,,,,,,,,,,,,,
,,,,,,,,,,,,,,,,,,,,,,,,,
,,,,,,,,,,,,,,,,,,,,,,,,,
,,,,,,,,,,,,,,,,,,,,,,,,,
,,,,,,,,,,,,,,,,,,,,,,,,,
,,,,,,,,,,,,,,,,,,,,,,,,,
,,,,,,,,,,,,,,,,,,,,,,,,,
,,,,,,,,,,,,,,,,,,,,,,,,,
,,,,,,,,,,,,,,,,,,,,,,,,,
,,,,,,,,,,,,,,,,,,,,,,,,,
,,,,,,,,,,,,,,,,,,,,,,,,,
,,,,,,,,,,,,,,,,,,,,,,,,,
,,,,,,,,,,,,,,,,,,,,,,,,,
,,,,,,,,,,,,,,,,,,,,,,,,,
,,,,,,,,,,,,,,,,,,,,,,,,,
,,,,,,,,,,,,,,,,,,,,,,,,,
,,,,,,,,,,,,,,,,,,,,,,,,,
,,,,,,,,,,,,,,,,,,,,,,,,,
,,,,,,,,,,,,,,,,,,,,,,,,,
,,,,,,,,,,,,,,,,,,,,,,,,,
,,,,,,,,,,,,,,,,,,,,,,,,,
,,,,,,,,,,,,,,,,,,,,,,,,,
,,,,,,,,,,,,,,,,,,,,,,,,,
,,,,,,,,,,,,,,,,,,,,,,,,,
,,,,,,,,,,,,,,,,,,,,,,,,,
,,,,,,,,,,,,,,,,,,,,,,,,,
,,,,,,,,,,,,,,,,,,,,,,,,,
,,,,,,,,,,,,,,,,,,,,,,,,,
,,,,,,,,,,,,,,,,,,,,,,,,,
,,,,,,,,,,,,,,,,,,,,,,,,,
,,,,,,,,,,,,,,,,,,,,,,,,,
,,,,,,,,,,,,,,,,,,,,,,,,,
,,,,,,,,,,,,,,,,,,,,,,,,,
,,,,,,,,,,,,,,,,,,,,,,,,,
,,,,,,,,,,,,,,,,,,,,,,,,,
,,,,,,,,,,,,,,,,,,,,,,,,,
,,,,,,,,,,,,,,,,,,,,,,,,,
,,,,,,,,,,,,,,,,,,,,,,,,,
,,,,,,,,,,,,,,,,,,,,,,,,,
,,,,,,,,,,,,,,,,,,,,,,,,,
,,,,,,,,,,,,,,,,,,,,,,,,,
,,,,,,,,,,,,,,,,,,,,,,,,,
,,,,,,,,,,,,,,,,,,,,,,,,,
,,,,,,,,,,,,,,,,,,,,,,,,,
,,,,,,,,,,,,,,,,,,,,,,,,,
,,,,,,,,,,,,,,,,,,,,,,,,,
,,,,,,,,,,,,,,,,,,,,,,,,,
,,,,,,,,,,,,,,,,,,,,,,,,,
,,,,,,,,,,,,,,,,,,,,,,,,,
,,,,,,,,,,,,,,,,,,,,,,,,,
,,,,,,,,,,,,,,,,,,,,,,,,,
,,,,,,,,,,,,,,,,,,,,,,,,,
,,,,,,,,,,,,,,,,,,,,,,,,,
,,,,,,,,,,,,,,,,,,,,,,,,,
,,,,,,,,,,,,,,,,,,,,,,,,,
,,,,,,,,,,,,,,,,,,,,,,,,,
,,,,,,,,,,,,,,,,,,,,,,,,,
,,,,,,,,,,,,,,,,,,,,,,,,,
,,,,,,,,,,,,,,,,,,,,,,,,,
,,,,,,,,,,,,,,,,,,,,,,,,,
,,,,,,,,,,,,,,,,,,,,,,,,,
,,,,,,,,,,,,,,,,,,,,,,,,,
,,,,,,,,,,,,,,,,,,,,,,,,,
,,,,,,,,,,,,,,,,,,,,,,,,,
,,,,,,,,,,,,,,,,,,,,,,,,,
,,,,,,,,,,,,,,,,,,,,,,,,,
,,,,,,,,,,,,,,,,,,,,,,,,,
,,,,,,,,,,,,,,,,,,,,,,,,,
,,,,,,,,,,,,,,,,,,,,,,,,,
,,,,,,,,,,,,,,,,,,,,,,,,,
,,,,,,,,,,,,,,,,,,,,,,,,,
,,,,,,,,,,,,,,,,,,,,,,,,,
,,,,,,,,,,,,,,,,,,,,,,,,,
,,,,,,,,,,,,,,,,,,,,,,,,,
,,,,,,,,,,,,,,,,,,,,,,,,,
,,,,,,,,,,,,,,,,,,,,,,,,,
,,,,,,,,,,,,,,,,,,,,,,,,,
,,,,,,,,,,,,,,,,,,,,,,,,,
,,,,,,,,,,,,,,,,,,,,,,,,,
,,,,,,,,,,,,,,,,,,,,,,,,,
,,,,,,,,,,,,,,,,,,,,,,,,,
,,,,,,,,,,,,,,,,,,,,,,,,,
,,,,,,,,,,,,,,,,,,,,,,,,,
,,,,,,,,,,,,,,,,,,,,,,,,,
,,,,,,,,,,,,,,,,,,,,,,,,,
,,,,,,,,,,,,,,,,,,,,,,,,,
,,,,,,,,,,,,,,,,,,,,,,,,,
,,,,,,,,,,,,,,,,,,,,,,,,,
,,,,,,,,,,,,,,,,,,,,,,,,,
,,,,,,,,,,,,,,,,,,,,,,,,,
,,,,,,,,,,,,,,,,,,,,,,,,,
,,,,,,,,,,,,,,,,,,,,,,,,,
,,,,,,,,,,,,,,,,,,,,,,,,,
,,,,,,,,,,,,,,,,,,,,,,,,,
,,,,,,,,,,,,,,,,,,,,,,,,,
,,,,,,,,,,,,,,,,,,,,,,,,,
,,,,,,,,,,,,,,,,,,,,,,,,,
,,,,,,,,,,,,,,,,,,,,,,,,,
,,,,,,,,,,,,,,,,,,,,,,,,,
